time,latitude,longitude,depth,mag,magType,nst,gap,dmin,rms,net,id,updated,place,type,horizontalError,depthError,magError,magNst,status,locationSource,magSource
2008-05-19T08:56:23.490Z,28.526,33.207,15,3.4,mw,29,55.3,,,us,usp000g77x,2014-11-07T01:36:03.261Z,"22 km NE of Ras Gharib, Egypt",earthquake,,,,,reviewed,hlw,gii
2008-04-04T14:05:17.700Z,28.72,35.07,1,4.4,mb,15,297.4,,,us,usp000g33s,2014-11-07T01:35:31.058Z,"53 km SE of Nuwaybi‘a, Egypt",earthquake,,,,1,reviewed,gii,us
2007-12-11T08:38:08.900Z,28.84,34.87,1,4,md,8,345.1,,,us,usp000fu8e,2014-11-07T01:34:23.690Z,"30 km SE of Nuwaybi‘a, Egypt",earthquake,,,,,reviewed,gii,gii
2007-12-07T15:27:59.130Z,28.695,33.263,35,3.9,mb,11,192.5,,1.15,us,usp000fu01,2014-11-07T01:34:22.200Z,"41 km NNE of Ras Gharib, Egypt",earthquake,,,,2,reviewed,us,us
2007-12-02T07:38:14.100Z,31.669,35.544,10,4,ml,9,223.8,,,us,usp000ftqa,2014-11-07T01:34:20.050Z,"21 km SE of Mi?pé Yeri?o, Israel",earthquake,,,,,reviewed,gii,gii
2007-11-23T22:19:54.000Z,31.86,34.94,11,4.4,mb,13,216,,,us,usp000ft5u,2015-03-24T01:46:24.445Z,"2 km NE of Karmé Yosef, Israel",earthquake,,,,1,reviewed,gii,us
2007-11-20T23:21:02.000Z,31.68,35.59,5,3.2,ml,8,156.8,,,us,usp000fszy,2014-11-07T01:34:13.033Z,"19 km WSW of M?dab?, Jordan",earthquake,,,,,reviewed,gii,gii
2007-11-20T09:18:44.900Z,31.683,35.557,10,4.6,mb,60,123.2,,,us,usp000fsyj,2015-03-24T00:52:37.762Z,"21 km SE of Mi?pé Yeri?o, Israel",earthquake,,,,20,reviewed,gii,us
2007-02-09T22:14:08.900Z,31.11,35.46,15,4.5,mb,84,144.4,,,us,usp000f4k9,2014-11-07T01:31:36.068Z,"8 km N of Safi, Jordan",earthquake,,,,19,reviewed,gii,us
2007-02-09T22:12:07.370Z,31.065,35.575,2,4,mb,44,147.2,,0.99,us,usp000f4k8,2014-11-07T01:31:36.063Z,"3 km WNW of Al Khinz?rah, Jordan",earthquake,,4.7,,9,reviewed,us,us
2005-12-31T13:58:52.500Z,28.73,32.93,21.3,4.4,ml,42,105,,,us,usp000e79j,2014-11-07T01:27:58.524Z,"43 km NNW of Ras Gharib, Egypt",earthquake,,,,,reviewed,hlw,gii
2005-10-03T04:05:25.610Z,31.78,35.505,10,4.4,mb,10,223.1,,1.34,us,usp000e0sq,2015-03-24T00:45:17.323Z,"10 km SSE of Jericho, Palestinian Territory",earthquake,,,,1,reviewed,us,us
2005-02-26T22:57:29.170Z,29.054,35.221,10,4.1,ml,21,276.4,,0.57,us,usp000dh1r,2014-11-07T01:25:04.281Z,"45 km SSE of Tala Bay, Jordan",earthquake,,,,,reviewed,us,gii
2004-10-28T07:10:32.200Z,29.95,34.39,9,3.8,ml,17,193.2,,,us,usp000d780,2014-11-07T01:23:50.003Z,"69 km NW of Eilat, Israel",earthquake,,,,,reviewed,gii,gii
2004-07-07T14:35:08.020Z,31.964,35.574,11.9,4.5,mb,92,115.5,,0.96,us,usp000czqr,2014-11-07T01:22:51.764Z,"1 km NNW of Al Kar?mah, Jordan",earthquake,,2.7,,22,reviewed,us,us
2004-03-15T23:49:56.000Z,31.37,35.54,12,4.3,ml,12,215.7,,,us,usp000cq1u,2014-11-07T01:21:43.092Z,"20 km WNW of Al Qa?r, Jordan",earthquake,,,,,reviewed,gii,gii
2004-02-11T08:15:03.830Z,31.675,35.551,26.7,5.3,mwc,386,99.7,,0.89,us,usp000ckyy,2020-09-18T19:49:33.163Z,"21 km SE of Mi?pé Yeri?o, Israel",earthquake,,,,,reviewed,us,hrv
2001-02-07T03:39:00.400Z,29.26,35.01,9,4,ml,10,,,,us,usp000a975,2014-11-07T01:12:06.172Z,"16 km S of Tala Bay, Jordan",earthquake,,,,,reviewed,gii,gii
2000-12-25T01:58:58.670Z,28.612,35.009,10,4.5,ml,15,,,0.77,us,usp000a6pp,2014-11-07T01:11:46.214Z,"52 km ENE of Dahab, Egypt",earthquake,,,,,reviewed,us,gii
2000-11-03T21:19:00.370Z,28.89,32.765,10,4.4,mb,30,,,0.96,us,usp000a2xc,2014-11-07T01:11:25.119Z,"66 km NNW of Ras Gharib, Egypt",earthquake,,,,11,reviewed,us,us
2000-10-28T21:02:35.940Z,28.7,34.5,18,3.4,md,5,,,,us,usp000a2ks,2014-11-07T01:11:19.580Z,"24 km N of Dahab, Egypt",earthquake,,,,,reviewed,ryd,ryd
2000-04-06T06:37:34.350Z,28.819,34.633,10,4.2,mb,,,,1.08,us,usp0009qwd,2014-11-07T01:09:51.949Z,"25 km S of Nuwaybi‘a, Egypt",earthquake,,,,6,reviewed,us,us
2000-03-08T14:22:26.380Z,28.834,34.731,10,4.9,mb,,,,1.49,us,usp0009peh,2014-11-07T01:09:40.143Z,"24 km SSE of Nuwaybi‘a, Egypt",earthquake,,,,5,reviewed,us,us
1999-12-19T08:42:49.100Z,29.7,34.95,17,4.1,ml,,,,,us,usp0009k0c,2014-11-07T01:09:10.188Z,"15 km N of Eilat, Israel",earthquake,,,,,reviewed,gii,gii
1999-12-08T03:35:48.100Z,29.3,34.8,5,4,ml,,,,,us,usp0009jks,2014-11-07T01:09:08.082Z,"21 km SW of Tala Bay, Jordan",earthquake,,,,,reviewed,gii,gii
1999-10-28T15:39:13.450Z,30.414,35.136,10,4.3,mb,,,,0.91,us,usp0009grc,2014-11-07T01:08:47.020Z,"34 km WNW of W?d? M?sá, Jordan",earthquake,,,,6,reviewed,us,us
1999-10-05T05:44:33.940Z,29.35,35.936,10,4.1,mb,,,,0.78,us,usp0009ffu,2014-11-07T01:08:40.305Z,"78 km SE of Al Quwayrah, Jordan",earthquake,,,,1,reviewed,us,us
1999-08-07T20:19:43.100Z,28.9,34.88,14,3.7,ml,,,,,us,usp0009cs7,2014-11-07T01:08:15.097Z,"26 km SE of Nuwaybi‘a, Egypt",earthquake,,,,,reviewed,gii,gii
1999-06-13T04:20:09.020Z,28.157,34.907,10,4.2,mb,,,,0.84,us,usp00099sb,2014-11-07T01:07:53.514Z,"54 km SE of Dahab, Egypt",earthquake,,,,6,reviewed,us,us
1999-02-02T18:01:28.600Z,28.83,34.67,1,4,ml,,,,,us,usp0009256,2014-11-07T01:06:56.139Z,"24 km S of Nuwaybi‘a, Egypt",earthquake,,,,,reviewed,gii,gii
1999-01-27T10:01:01.060Z,31.112,35.071,10,2.7,ml,,,,1.01,us,usp00091t2,2014-11-07T01:06:51.896Z,"5 km NE of Dimona, Israel",earthquake,,,,,reviewed,us,gii
1999-01-26T11:46:02.400Z,31.109,35.188,1,2.9,ml,,,,,us,usp00091re,2014-11-07T01:06:51.651Z,"15 km ENE of Dimona, Israel",earthquake,,,,,reviewed,gii,gii
1998-11-19T12:09:33.000Z,29.7,34.63,16,4.5,ml,,,,,us,usp0008yen,2014-11-07T01:06:27.996Z,"34 km WNW of Eilat, Israel",earthquake,,,,,reviewed,gii,gii
1998-04-25T01:29:30.040Z,29.608,34.246,10,4.1,ml,,,,,us,usp0008kx2,2014-11-07T01:05:04.192Z,"68 km W of Eilat, Israel",earthquake,,,,,reviewed,gii,gii
1997-05-10T23:01:46.920Z,28.213,34.82,10,4.7,mb,,,,1.19,us,usp000822s,2014-11-07T01:02:45.902Z,"43 km SE of Dahab, Egypt",earthquake,,,,31,reviewed,us,us
1997-02-21T10:12:53.700Z,29.142,34.652,10,4.4,ml,,,,0.76,us,usp0007xka,2014-11-07T01:02:10.323Z,"10 km N of Nuwaybi‘a, Egypt",earthquake,,,,,reviewed,us,jer
1997-01-26T08:21:41.570Z,29.498,34.673,10,4,ml,,,,0.45,us,usp0007wcf,2014-11-07T01:02:00.302Z,"27 km WSW of Eilat, Israel",earthquake,,,,,reviewed,us,jer
1996-12-01T13:44:33.070Z,30.287,32.18,10,3.5,mb,,,,1.39,us,usp0007tu5,2014-11-07T01:01:42.498Z,"36 km SSW of Ismailia, Egypt",earthquake,,,,1,reviewed,us,us
1996-11-26T09:29:32.660Z,30.432,32.193,10,4.6,mb,,,,0.82,us,usp0007tjw,2014-11-07T01:01:38.126Z,"20 km SSW of Ismailia, Egypt",earthquake,,,,2,reviewed,us,us
1996-11-18T09:36:07.020Z,29.746,34.798,10,4.2,ml,,,,0.35,us,usp0007t66,2014-11-07T01:01:36.493Z,"25 km NW of Eilat, Israel",earthquake,,,,,reviewed,us,jer
1996-09-15T02:21:10.430Z,29.038,34.999,10,4.2,mb,,,,1.36,us,usp0007pyz,2014-11-07T01:01:10.992Z,"32 km E of Nuwaybi‘a, Egypt",earthquake,,,,7,reviewed,us,us
1996-06-25T10:45:58.360Z,29.195,34.825,10,3.5,mb,,,,0.7,us,usp0007k8g,2014-11-07T01:00:40.526Z,"22 km NE of Nuwaybi‘a, Egypt",earthquake,,,,1,reviewed,us,us
1996-06-01T16:06:56.830Z,28.645,34.634,10,3.7,mb,,,,1,us,usp0007j0q,2014-11-07T01:00:32.026Z,"22 km NE of Dahab, Egypt",earthquake,,,,8,reviewed,us,us
1996-04-16T00:12:02.270Z,28.941,34.674,16.4,3.9,mb,,,,1,us,usp0007g81,2014-11-07T01:00:17.516Z,"11 km S of Nuwaybi‘a, Egypt",earthquake,,,,8,reviewed,us,us
1996-04-13T04:09:20.170Z,28.866,34.855,10,2.8,md,,,,0.4,us,usp0007g3t,2014-11-07T01:00:16.771Z,"27 km SE of Nuwaybi‘a, Egypt",earthquake,,,,,reviewed,us,ryd
1996-04-11T15:34:28.730Z,29.247,34.964,10,3.2,md,,,,0.5,us,usp0007g1r,2014-11-07T01:00:16.530Z,"17 km S of Tala Bay, Jordan",earthquake,,,,,reviewed,us,ryd
1996-02-26T07:17:28.310Z,28.732,34.822,23,5,mb,,,,1.5,us,usp0007dym,2014-11-07T00:59:58.764Z,"38 km SSE of Nuwaybi‘a, Egypt",earthquake,,,,71,reviewed,us,us
1996-02-26T07:17:07.980Z,28.869,34.479,10,4,mb,,,,1,us,usp0007dyk,2014-11-07T00:59:58.760Z,"26 km SW of Nuwaybi‘a, Egypt",earthquake,,,,3,reviewed,us,us
1996-02-21T04:59:53.450Z,28.883,34.75,22.5,5.3,mw,,,,1,us,usp0007dkq,2016-11-09T21:56:01.395Z,"Egypt",earthquake,,,,,reviewed,us,hrv
1996-02-19T09:16:35.690Z,29.033,34.566,10,3.1,md,,,,0.2,us,usp0007df7,2014-11-07T00:59:56.158Z,"9 km W of Nuwaybi‘a, Egypt",earthquake,,,,,reviewed,us,ryd
1996-02-18T10:59:36.130Z,28.938,34.477,10,2.9,md,,,,0.2,us,usp0007db5,2014-11-07T00:59:55.329Z,"21 km WSW of Nuwaybi‘a, Egypt",earthquake,,,,,reviewed,us,ryd
1996-02-16T02:33:56.110Z,28.754,34.473,10,3,md,,,,0.6,us,usp0007d00,2014-11-07T00:59:53.902Z,"30 km N of Dahab, Egypt",earthquake,,,,,reviewed,us,ryd
1996-02-15T17:26:44.910Z,29.089,35.03,10,2.8,md,,,,1,us,usp0007cz6,2014-11-07T00:59:53.817Z,"35 km S of Tala Bay, Jordan",earthquake,,,,,reviewed,us,ryd
1996-02-15T00:51:39.410Z,28.789,34.562,10,3.2,md,,,,0.5,us,usp0007cxt,2014-11-07T00:59:53.697Z,"30 km SSW of Nuwaybi‘a, Egypt",earthquake,,,,,reviewed,us,ryd
1996-02-13T17:21:37.460Z,28.872,34.977,10,3.2,md,,,,0.2,us,usp0007cv9,2014-11-07T00:59:53.277Z,"36 km ESE of Nuwaybi‘a, Egypt",earthquake,,,,,reviewed,us,ryd
1996-02-12T20:36:38.960Z,29.074,35.059,10,3,md,,,,0.9,us,usp0007cu7,2014-11-07T00:59:53.186Z,"37 km SSE of Tala Bay, Jordan",earthquake,,,,,reviewed,us,ryd
1996-02-12T19:24:41.490Z,28.755,35.07,10,2.5,md,,,,1.1,us,usp0007cu4,2014-11-07T00:59:53.179Z,"51 km SE of Nuwaybi‘a, Egypt",earthquake,,,,,reviewed,us,ryd
1996-02-12T18:23:46.530Z,28.356,35.53,10,4.1,mb,,,,1,us,usp0007cty,2014-11-07T00:59:53.066Z,"102 km W of Tabuk, Saudi Arabia",earthquake,,,,2,reviewed,us,us
1996-02-12T17:48:43.270Z,28.894,34.606,10,3.4,md,,,,0.4,us,usp0007ctx,2014-11-07T00:59:53.065Z,"17 km SSW of Nuwaybi‘a, Egypt",earthquake,,,,,reviewed,us,ryd
1996-02-12T16:11:40.490Z,28.667,34.578,10,3,md,,,,0.2,us,usp0007cts,2014-11-07T00:59:53.054Z,"22 km NNE of Dahab, Egypt",earthquake,,,,,reviewed,us,ryd
1996-02-12T13:51:06.740Z,29.217,34.677,10,4.1,ml,,,,0.8,us,usp0007ctg,2014-11-07T00:59:53.033Z,"18 km N of Nuwaybi‘a, Egypt",earthquake,,,,,reviewed,us,jer
1996-02-12T02:57:28.660Z,28.545,35.445,10,4.1,ml,,,,0.9,us,usp0007cst,2014-11-07T00:59:52.774Z,"93 km E of Dahab, Egypt",earthquake,,,,,reviewed,us,jer
1996-02-04T16:20:21.880Z,29.369,35.083,5,4.3,ml,,,,0.9,us,usp0007cb3,2014-11-07T00:59:50.557Z,"10 km ESE of Tala Bay, Jordan",earthquake,,,,,reviewed,us,jer
1996-02-04T12:16:32.070Z,29.746,34.796,10,4.1,ml,,,,0.9,us,usp0007can,2014-11-07T00:59:50.515Z,"25 km NW of Eilat, Israel",earthquake,,,,,reviewed,us,jer
1996-02-04T07:23:22.980Z,29.139,34.651,10,3.8,mb,,,,1.1,us,usp0007cab,2014-11-07T00:59:50.444Z,"10 km N of Nuwaybi‘a, Egypt",earthquake,,,,4,reviewed,us,us
1996-02-02T21:14:56.360Z,29.225,34.66,10,4,ml,,,,0.7,us,usp0007c67,2014-11-07T00:59:49.139Z,"19 km N of Nuwaybi‘a, Egypt",earthquake,,,,,reviewed,us,jer
1996-02-02T14:42:16.590Z,29.235,34.67,10,4.5,md,,,,0.9,us,usp0007c5s,2014-11-07T00:59:48.871Z,"20 km N of Nuwaybi‘a, Egypt",earthquake,,,,,reviewed,us,ryd
1996-02-02T13:15:18.430Z,28.892,34.923,10,4.4,mb,,,,1.3,us,usp0007c5n,2014-11-07T00:59:48.853Z,"30 km SE of Nuwaybi‘a, Egypt",earthquake,,,,1,reviewed,us,us
1996-02-01T08:59:20.000Z,28.849,34.784,10,3.1,md,,,,0.3,us,usp0007c3g,2014-11-07T00:59:48.118Z,"Egypt",earthquake,,,,,reviewed,us,ryd
1996-02-01T08:09:07.940Z,28.619,34.663,10,2.8,md,,,,0.1,us,usp0007c3d,2014-11-07T00:59:48.097Z,"22 km NE of Dahab, Egypt",earthquake,,,,,reviewed,us,ryd
1996-01-31T09:53:33.680Z,28.909,34.809,10,4.2,ml,,,,0.7,us,usp0007c1n,2014-11-07T00:59:45.070Z,"20 km SE of Nuwaybi‘a, Egypt",earthquake,,,,,reviewed,us,jer
1996-01-24T15:05:12.950Z,28.843,35.175,10,4,ml,,,,1.1,us,usp0007bnf,2014-11-07T00:59:43.075Z,"54 km ESE of Nuwaybi‘a, Egypt",earthquake,,,,,reviewed,us,jer
1996-01-23T03:17:16.050Z,29.093,34.957,10,3.8,ml,,,,1.1,us,usp0007bjq,2014-11-07T00:59:42.758Z,"29 km E of Nuwaybi‘a, Egypt",earthquake,,,,,reviewed,us,bhl
1996-01-16T06:17:32.890Z,29.039,34.871,10,3.8,md,,,,0.7,us,usp0007b5s,2014-11-07T00:59:40.739Z,"20 km E of Nuwaybi‘a, Egypt",earthquake,,,,,reviewed,us,hlw
1996-01-13T17:47:38.990Z,28.8,34.656,10,4.3,ml,,,,0.7,us,usp0007b0c,2014-11-07T00:59:39.959Z,"27 km S of Nuwaybi‘a, Egypt",earthquake,,,,,reviewed,us,jer
1996-01-09T19:14:19.710Z,28.777,34.96,10,3.4,md,,,,1,us,usp0007arf,2014-11-07T00:59:38.622Z,"41 km SE of Nuwaybi‘a, Egypt",earthquake,,,,,reviewed,us,ryd
1996-01-09T00:10:36.850Z,28.895,34.651,10,3.8,md,,,,0.5,us,usp0007apj,2014-11-07T00:59:38.109Z,"16 km S of Nuwaybi‘a, Egypt",earthquake,,,,,reviewed,us,ryd
1996-01-08T21:43:09.730Z,29.194,34.69,10,3.8,ml,,,,0.1,us,usp0007apb,2014-11-07T00:59:38.083Z,"16 km N of Nuwaybi‘a, Egypt",earthquake,,,,,reviewed,us,bhl
1996-01-08T13:18:25.080Z,29.254,34.728,10,4,mb,,,,0.8,us,usp0007anf,2014-11-07T00:59:37.936Z,"23 km NNE of Nuwaybi‘a, Egypt",earthquake,,,,3,reviewed,us,us
1996-01-07T18:53:16.320Z,28.744,34.727,10,3.3,md,,,,0.5,us,usp0007akg,2014-11-07T00:59:37.662Z,"34 km S of Nuwaybi‘a, Egypt",earthquake,,,,,reviewed,us,ryd
1996-01-07T18:48:29.040Z,28.737,34.737,10,3.8,md,,,,0.2,us,usp0007akf,2014-11-07T00:59:37.661Z,"35 km SSE of Nuwaybi‘a, Egypt",earthquake,,,,,reviewed,us,ryd
1996-01-07T17:07:20.330Z,28.76,34.585,10,3.2,md,,,,0.5,us,usp0007ak9,2014-11-07T00:59:37.642Z,"32 km NNE of Dahab, Egypt",earthquake,,,,,reviewed,us,ryd
1996-01-07T16:06:36.820Z,28.735,34.67,10,3.5,md,,,,0.4,us,usp0007ak4,2014-11-07T00:59:37.619Z,"32 km NNE of Dahab, Egypt",earthquake,,,,,reviewed,us,ryd
1996-01-06T20:53:29.990Z,29.204,34.691,10,3.7,md,,,,0,us,usp0007ags,2014-11-07T00:59:37.262Z,"17 km N of Nuwaybi‘a, Egypt",earthquake,,,,,reviewed,us,ryd
1996-01-06T07:36:09.480Z,28.886,34.945,10,3.9,mb,,,,1.4,us,usp0007aff,2014-11-07T00:59:37.069Z,"32 km ESE of Nuwaybi‘a, Egypt",earthquake,,,,5,reviewed,us,us
1996-01-04T17:34:48.220Z,28.685,34.678,10,3.6,mb,,,,0.3,us,usp0007abw,2014-11-07T00:59:36.677Z,"28 km NE of Dahab, Egypt",earthquake,,,,1,reviewed,us,us
1996-01-04T17:22:39.560Z,28.717,34.745,10,4,mb,,,,0.9,us,usp0007abv,2014-11-07T00:59:36.674Z,"35 km NE of Dahab, Egypt",earthquake,,,,4,reviewed,us,us
1996-01-04T16:25:32.470Z,28.691,34.709,10,4.3,md,,,,0.3,us,usp0007abs,2014-11-07T00:59:36.667Z,"31 km NE of Dahab, Egypt",earthquake,,,,,reviewed,us,ryd
1996-01-04T14:24:41.590Z,28.694,34.757,10,4.4,ml,,,,1,us,usp0007abg,2014-11-07T00:59:36.638Z,"34 km NE of Dahab, Egypt",earthquake,,,,,reviewed,us,jer
1996-01-04T07:31:53.210Z,28.694,34.752,10,4,md,,,,0.2,us,usp0007aas,2014-11-07T00:59:36.571Z,"34 km NE of Dahab, Egypt",earthquake,,,,,reviewed,us,ryd
1996-01-03T13:22:55.380Z,29.062,34.789,10,3.5,md,,,,0.3,us,usp0007a8s,2014-11-07T00:59:36.322Z,"12 km E of Nuwaybi‘a, Egypt",earthquake,,,,,reviewed,us,ryd
1996-01-03T11:04:48.270Z,28.698,34.757,10,3.9,md,,,,0.1,us,usp0007a8f,2014-11-07T00:59:36.256Z,"35 km NE of Dahab, Egypt",earthquake,,,,,reviewed,us,ryd
1996-01-03T10:11:19.090Z,28.692,34.672,10,4,md,,,,0.4,us,usp0007a8a,2014-11-07T00:59:36.246Z,"28 km NE of Dahab, Egypt",earthquake,,,,,reviewed,us,ryd
1996-01-03T10:05:28.600Z,28.712,34.944,10,4.9,mb,,,,1.3,us,usp0007a89,2014-11-07T00:59:36.232Z,"46 km SE of Nuwaybi‘a, Egypt",earthquake,,,,37,reviewed,us,us
1996-01-02T19:14:40.760Z,28.711,34.297,10,3.9,mb,,,,1.2,us,usp0007a6x,2014-11-07T00:59:35.955Z,"31 km NW of Dahab, Egypt",earthquake,,,,7,reviewed,us,us
1996-01-02T13:14:14.710Z,28.928,34.599,10,3.3,md,,,,0.9,us,usp0007a67,2014-11-07T00:59:35.868Z,"14 km SSW of Nuwaybi‘a, Egypt",earthquake,,,,,reviewed,us,ryd
1996-01-02T10:36:09.630Z,29.273,34.539,10,3.3,md,,,,0.4,us,usp0007a5r,2014-11-07T00:59:35.790Z,"27 km NNW of Nuwaybi‘a, Egypt",earthquake,,,,,reviewed,us,ryd
1996-01-02T03:22:36.240Z,28.883,34.92,10,3.8,md,,,,1,us,usp0007a4n,2014-11-07T00:59:35.535Z,"30 km SE of Nuwaybi‘a, Egypt",earthquake,,,,,reviewed,us,ryd
1996-01-01T23:25:50.960Z,28.705,34.649,10,3.2,md,,,,0.3,us,usp0007a3w,2014-11-07T00:59:35.391Z,"28 km NNE of Dahab, Egypt",earthquake,,,,,reviewed,us,ryd
1996-01-01T17:03:47.210Z,29.205,34.666,10,3.2,md,,,,0.5,us,usp0007a2g,2014-11-07T00:59:35.032Z,"17 km N of Nuwaybi‘a, Egypt",earthquake,,,,,reviewed,us,ryd
1996-01-01T10:28:44.850Z,28.787,34.586,10,3.2,md,,,,0.4,us,usp0007a0b,2014-11-07T00:59:34.471Z,"29 km SSW of Nuwaybi‘a, Egypt",earthquake,,,,,reviewed,us,ryd
1996-01-01T05:17:58.710Z,28.934,34.541,10,3.2,md,,,,0.5,us,usp00079zg,2014-11-07T00:59:33.515Z,"17 km SW of Nuwaybi‘a, Egypt",earthquake,,,,,reviewed,us,ryd
1995-12-30T05:13:29.310Z,28.336,35.711,10,3.9,mb,,,,1.1,us,usp00079vc,2014-11-07T00:59:30.685Z,"84 km W of Tabuk, Saudi Arabia",earthquake,,,,5,reviewed,us,us
1995-12-28T14:22:20.950Z,29.224,35.138,10,4,md,,,,0.6,us,usp00079sa,2014-11-07T00:59:30.022Z,"25 km SE of Tala Bay, Jordan",earthquake,,,,,reviewed,us,ryd
1995-12-26T06:19:41.140Z,29.139,35.243,10,5.1,ml,,,,1.3,us,usp00079mx,2014-11-07T00:59:29.404Z,"39 km SE of Tala Bay, Jordan",earthquake,,,,,reviewed,us,jer
1995-12-24T23:04:54.540Z,29.187,35.339,10,4.2,md,,,,0.6,us,usp00079jr,2014-11-07T00:59:29.063Z,"42 km SE of Tala Bay, Jordan",earthquake,,,,,reviewed,us,ryd
1995-12-23T06:28:58.380Z,29.561,35.24,8.8,4.4,mb,,,,1.2,us,usp00079ev,2014-11-07T00:59:28.623Z,"22 km E of Aqaba, Jordan",earthquake,,4.4,,20,reviewed,us,us
1995-12-19T12:32:48.920Z,28.851,34.572,10,4,mb,,,,1.3,us,usp000798r,2014-11-07T00:59:27.398Z,"23 km SSW of Nuwaybi‘a, Egypt",earthquake,,,,9,reviewed,us,us
1995-12-15T06:00:07.540Z,28.772,34.746,10,4.5,ml,,,,0.7,us,usp000790m,2014-11-07T00:59:26.363Z,"31 km SSE of Nuwaybi‘a, Egypt",earthquake,,,,,reviewed,us,jer
1995-12-14T04:51:56.740Z,29.139,34.779,10,4.2,md,,,,0.4,us,usp00078yj,2014-11-07T00:59:26.137Z,"15 km NE of Nuwaybi‘a, Egypt",earthquake,,,,,reviewed,us,ryd
1995-12-14T03:53:56.550Z,28.851,34.635,10,4.2,mb,,,,1,us,usp00078yf,2014-11-07T00:59:26.128Z,"21 km S of Nuwaybi‘a, Egypt",earthquake,,,,14,reviewed,us,us
1995-12-11T18:35:11.980Z,28.998,34.767,20,4.6,md,,,,1.4,us,usp00078u4,2014-11-07T00:59:25.597Z,"11 km ESE of Nuwaybi‘a, Egypt",earthquake,,,,,reviewed,us,ryd
1995-12-11T12:45:27.150Z,29.188,34.81,10,4,md,,,,0.8,us,usp00078tm,2014-11-07T00:59:25.476Z,"21 km NE of Nuwaybi‘a, Egypt",earthquake,,,,,reviewed,us,ryd
1995-12-11T10:54:37.930Z,28.317,35.442,10,4.5,ml,,,,0.8,us,usp00078th,2014-11-07T00:59:25.463Z,"94 km ESE of Dahab, Egypt",earthquake,,,,,reviewed,us,jer
1995-12-11T01:32:06.520Z,28.878,34.69,10,5,mb,,,,1.2,us,usp00078se,2014-11-07T00:59:25.290Z,"18 km S of Nuwaybi‘a, Egypt",earthquake,,,,62,reviewed,us,us
1995-12-10T15:32:20.530Z,28.813,34.778,10,4.3,mb,,,,1.1,us,usp00078rb,2014-11-07T00:59:25.007Z,"28 km SSE of Nuwaybi‘a, Egypt",earthquake,,,,2,reviewed,us,us
1995-12-10T00:31:16.760Z,28.788,35.499,10,4.3,ml,,,,1.4,us,usp00078q5,2014-11-07T00:59:24.631Z,"85 km SE of Tala Bay, Jordan",earthquake,,,,,reviewed,us,jer
1995-12-08T04:12:38.940Z,28.919,34.651,10,4.4,mb,,,,1.3,us,usp00078jy,2014-11-07T00:59:24.047Z,"14 km S of Nuwaybi‘a, Egypt",earthquake,,,,17,reviewed,us,us
1995-12-06T17:57:54.730Z,28.862,34.679,10,4,mb,,,,1.3,us,usp00078es,2014-11-07T00:59:23.231Z,"20 km S of Nuwaybi‘a, Egypt",earthquake,,,,10,reviewed,us,us
1995-12-06T09:47:27.740Z,29.114,35.167,10,4.7,md,,,,1.3,us,usp00078dx,2014-11-07T00:59:23.128Z,"37 km SSE of Tala Bay, Jordan",earthquake,,,,,reviewed,us,ryd
1995-12-06T02:57:24.300Z,29.13,34.752,10,4.3,md,,,,0.7,us,usp00078d2,2014-11-07T00:59:23.057Z,"12 km NE of Nuwaybi‘a, Egypt",earthquake,,,,,reviewed,us,ryd
1995-12-05T13:17:54.310Z,29.227,35.348,10,4.3,md,,,,0.8,us,usp00078am,2014-11-07T00:59:22.660Z,"41 km ESE of Tala Bay, Jordan",earthquake,,,,,reviewed,us,ryd
1995-12-04T17:56:42.680Z,29.188,34.79,10,4.3,md,,,,0.9,us,usp000788c,2014-11-07T00:59:21.834Z,"19 km NE of Nuwaybi‘a, Egypt",earthquake,,,,,reviewed,us,ryd
1995-12-04T12:39:50.080Z,28.991,34.831,10,4.1,ml,,,,0.6,us,usp000787t,2014-11-07T00:59:21.779Z,"17 km ESE of Nuwaybi‘a, Egypt",earthquake,,,,,reviewed,us,jer
1995-12-04T07:34:15.860Z,28.836,34.944,10,4.7,ml,,,,0.9,us,usp000787b,2014-11-07T00:59:21.739Z,"35 km SE of Nuwaybi‘a, Egypt",earthquake,,,,,reviewed,us,jer
1995-12-04T02:45:27.930Z,28.713,35.222,10,4.2,md,,,,0.7,us,usp000786x,2014-11-07T00:59:21.677Z,"65 km SE of Nuwaybi‘a, Egypt",earthquake,,,,,reviewed,us,ryd
1995-12-03T07:54:56.950Z,28.754,35.295,10,4.2,md,,,,0.8,us,usp0007811,2014-11-07T00:59:20.193Z,"69 km ESE of Nuwaybi‘a, Egypt",earthquake,,,,,reviewed,us,ryd
1995-12-02T07:55:39.550Z,28.801,35.162,10,4.4,mb,,,,0.6,us,usp00077ya,2014-11-07T00:59:18.831Z,"55 km ESE of Nuwaybi‘a, Egypt",earthquake,,,,1,reviewed,us,us
1995-12-02T06:09:48.710Z,29.204,35.11,10,3.7,md,,,,0.7,us,usp00077y4,2014-11-07T00:59:18.794Z,"25 km SSE of Tala Bay, Jordan",earthquake,,,,,reviewed,us,hlw
1995-12-02T00:47:22.270Z,29.308,34.657,10,4.4,mb,,,,1.1,us,usp00077xw,2014-11-07T00:59:18.722Z,"28 km N of Nuwaybi‘a, Egypt",earthquake,,,,33,reviewed,us,us
1995-12-01T21:18:30.920Z,29.125,35.046,10,3.9,mb,,,,0.8,us,usp00077xc,2014-11-07T00:59:18.573Z,"32 km SSE of Tala Bay, Jordan",earthquake,,,,6,reviewed,us,us
1995-12-01T20:04:59.740Z,29.233,34.694,10,4.4,mb,,,,1,us,usp00077x8,2014-11-07T00:59:18.535Z,"20 km N of Nuwaybi‘a, Egypt",earthquake,,,,25,reviewed,us,us
1995-12-01T09:17:56.880Z,28.7,34.523,10,4.4,mb,,,,1.2,us,usp00077w0,2014-11-07T00:59:18.101Z,"24 km N of Dahab, Egypt",earthquake,,,,14,reviewed,us,us
1995-11-29T09:46:24.150Z,29.348,34.83,16.9,4.1,ml,,,,0.7,us,usp00077qv,2014-11-07T00:59:14.573Z,"15 km WSW of Tala Bay, Jordan",earthquake,,7.1,,,reviewed,us,jer
1995-11-28T21:10:43.670Z,29.178,34.873,10,4.4,ml,,,,0.6,us,usp00077q6,2014-11-07T00:59:14.523Z,"25 km NE of Nuwaybi‘a, Egypt",earthquake,,,,,reviewed,us,jer
1995-11-28T12:00:51.550Z,29.146,34.931,10,4.5,ml,,,,0.7,us,usp00077pf,2014-11-07T00:59:14.479Z,"28 km ENE of Nuwaybi‘a, Egypt",earthquake,,,,,reviewed,us,jer
1995-11-26T02:17:47.980Z,29.09,35.026,10,3.6,mb,,,,1,us,usp00077hd,2014-11-07T00:59:13.937Z,"35 km S of Tala Bay, Jordan",earthquake,,,,1,reviewed,us,us
1995-11-25T23:06:20.830Z,29.184,35.01,10,4.2,ml,,,,0.5,us,usp00077h9,2014-11-07T00:59:13.930Z,"25 km S of Tala Bay, Jordan",earthquake,,,,,reviewed,us,jer
1995-11-25T22:41:30.110Z,29.054,34.774,12.4,4.1,ml,,,,0.7,us,usp00077h7,2014-11-07T00:59:13.926Z,"10 km E of Nuwaybi‘a, Egypt",earthquake,,4.3,,,reviewed,us,jer
1995-11-25T11:41:35.260Z,29.12,34.836,10,4.8,mb,,,,1.1,us,usp00077g1,2014-11-07T00:59:13.815Z,"18 km ENE of Nuwaybi‘a, Egypt",earthquake,,,,43,reviewed,us,us
1995-11-24T22:26:35.470Z,29.189,34.877,10,4.2,ml,,,,0.5,us,usp00077em,2014-11-07T00:59:13.590Z,"26 km NE of Nuwaybi‘a, Egypt",earthquake,,,,,reviewed,us,jer
1995-11-24T16:43:45.460Z,28.941,34.71,10,4.9,mb,,,,1.3,us,usp00077e3,2014-11-07T00:59:13.443Z,"12 km SSE of Nuwaybi‘a, Egypt",earthquake,,,,61,reviewed,us,us
1995-11-24T04:09:51.590Z,29.313,35.075,10,4.5,ml,,,,0.6,us,usp00077cs,2014-11-07T00:59:13.297Z,"14 km SE of Tala Bay, Jordan",earthquake,,,,,reviewed,us,jer
1995-11-24T03:35:45.120Z,29.202,35.115,10,4.4,ml,,,,0.5,us,usp00077cr,2014-11-07T00:59:13.295Z,"26 km SSE of Tala Bay, Jordan",earthquake,,,,,reviewed,us,jer
1995-11-23T22:28:19.860Z,28.663,34.915,10,3.9,mb,,,,0.8,us,usp00077c5,2014-11-07T00:59:13.245Z,"45 km ENE of Dahab, Egypt",earthquake,,,,1,reviewed,us,us
1995-11-23T18:07:17.290Z,29.333,34.749,10,5.7,mw,,,,1.1,us,usp00077bq,2020-07-08T00:21:48.706Z,"23 km WSW of Tala Bay, Jordan",earthquake,,,,,reviewed,us,hrv
1995-11-23T03:05:07.600Z,28.726,34.768,10,4.6,mb,,,,1.2,us,usp00077ah,2014-11-07T00:59:13.010Z,"36 km SSE of Nuwaybi‘a, Egypt",earthquake,,,,21,reviewed,us,us
1995-11-22T22:16:53.930Z,28.52,34.701,10,5.4,mw,,,,1.3,us,usp00077a3,2016-11-10T00:01:45.145Z,"20 km ENE of Dahab, Egypt",earthquake,,,,,reviewed,us,hrv
1995-11-22T20:02:31.410Z,29.056,34.795,10,4.4,mb,,,,0.8,us,usp00077a0,2014-11-07T00:59:12.907Z,"12 km E of Nuwaybi‘a, Egypt",earthquake,,,,13,reviewed,us,us
1995-11-22T12:47:05.180Z,28.536,35.005,10,5.1,mb,,,,1.3,us,usp000779c,2014-11-07T00:59:12.498Z,"50 km E of Dahab, Egypt",earthquake,,,,66,reviewed,us,us
1995-11-22T11:37:14.620Z,28.768,34.841,10,4.9,ml,,,,1.4,us,usp0007798,2014-11-07T00:59:12.487Z,"35 km SSE of Nuwaybi‘a, Egypt",earthquake,,,,,reviewed,us,jer
1995-11-22T09:52:48.380Z,28.83,35.399,10,4,mb,,,,0.4,us,usp000778y,2014-11-07T00:59:12.467Z,"75 km ESE of Nuwaybi‘a, Egypt",earthquake,,,,5,reviewed,us,us
1995-11-22T08:58:43.220Z,29.024,34.738,10,4.4,ml,,,,0.6,us,usp000778u,2014-11-07T00:59:12.459Z,"7 km ESE of Nuwaybi‘a, Egypt",earthquake,,,,,reviewed,us,jer
1995-11-22T07:55:30.480Z,29.049,34.713,10,4.8,mb,,,,1.1,us,usp000778r,2014-11-07T00:59:12.447Z,"4 km E of Nuwaybi‘a, Egypt",earthquake,,,,41,reviewed,us,us
1995-11-22T04:15:11.940Z,28.826,34.799,10,7.2,mw,,,,1.3,us,usp0007788,2020-08-24T18:23:21.280Z,"27 km SSE of Nuwaybi‘a, Egypt",earthquake,,,,,reviewed,us,hrv
1995-09-08T12:13:22.160Z,29.489,32.256,10,3.9,mb,,,,0.5,us,usp000733b,2014-11-07T00:58:42.200Z,"13 km SSW of Ain Sukhna, Egypt",earthquake,,,,2,reviewed,us,us
1995-08-31T23:05:19.510Z,29.194,34.819,10,3.7,ml,,,,0.4,us,usp00072r6,2014-11-07T00:58:37.159Z,"22 km NE of Nuwaybi‘a, Egypt",earthquake,,,,,reviewed,us,jer
1995-07-28T23:30:52.390Z,28.935,35.396,10,2.7,md,,,,0.2,us,usp000713c,2014-11-07T00:58:23.788Z,"66 km SE of Tala Bay, Jordan",earthquake,,,,,reviewed,us,ryd
1995-07-11T17:12:56.160Z,28.549,34.786,10,3,md,,,,0.5,us,usp00070fw,2014-11-07T00:58:20.169Z,"29 km ENE of Dahab, Egypt",earthquake,,,,,reviewed,us,ryd
1995-07-10T17:12:56.160Z,28.549,34.786,10,3,md,,,,0.5,us,usp00070ek,2014-11-07T00:58:20.024Z,"29 km ENE of Dahab, Egypt",earthquake,,,,,reviewed,us,ryd
1995-07-10T15:04:57.480Z,28.645,34.603,10,2.4,md,,,,0.8,us,usp00070ed,2014-11-07T00:58:20.011Z,"Egypt",earthquake,,,,,reviewed,us,ryd
1995-07-06T19:15:39.780Z,28.51,34.742,10,2.7,md,,,,0.4,us,usp000708c,2014-11-07T00:58:18.737Z,"24 km E of Dahab, Egypt",earthquake,,,,,reviewed,us,ryd
1995-07-06T17:07:39.990Z,28.695,34.525,10,3.1,md,,,,0.5,us,usp0007086,2014-11-07T00:58:18.724Z,"23 km N of Dahab, Egypt",earthquake,,,,,reviewed,us,ryd
1995-07-06T15:00:51.560Z,28.763,34.582,10,2.7,md,,,,0.6,us,usp0007080,2014-11-07T00:58:18.673Z,"32 km NNE of Dahab, Egypt",earthquake,,,,,reviewed,us,ryd
1995-07-06T05:50:22.800Z,28.71,34.688,10,2.6,md,,,,0.5,us,usp000707d,2014-11-07T00:58:18.381Z,"31 km NE of Dahab, Egypt",earthquake,,,,,reviewed,us,ryd
1995-06-27T03:32:17.430Z,28.017,34.418,10,3.2,md,,,,0.3,us,usp0006zry,2014-11-07T00:58:12.013Z,"14 km NE of Sharm el-Sheikh, Egypt",earthquake,,,,,reviewed,us,ryd
1995-06-09T23:30:36.850Z,28.557,34.598,10,4.2,ml,,,,0.3,us,usp0006yve,2014-11-07T00:58:07.740Z,"13 km NE of Dahab, Egypt",earthquake,,,,,reviewed,us,jer
1995-05-14T04:00:17.400Z,28.374,34.585,10,4.3,mb,,,,0.7,us,usp0006xb3,2014-11-07T00:57:55.209Z,"14 km SE of Dahab, Egypt",earthquake,,,,3,reviewed,us,us
1995-03-26T18:56:31.780Z,28.84,34.803,10,2,md,,,,0.2,us,usp0006usr,2014-11-07T00:57:33.935Z,"26 km SSE of Nuwaybi‘a, Egypt",earthquake,,,,,reviewed,us,ryd
1995-03-25T05:07:44.860Z,28.297,34.617,10,2.3,md,,,,0.2,us,usp0006uq2,2014-11-07T00:57:33.224Z,"23 km SSE of Dahab, Egypt",earthquake,,,,,reviewed,us,ryd
1995-03-22T21:32:55.780Z,28.598,34.347,10,2.4,md,,,,0.2,us,usp0006uk9,2014-11-07T00:57:32.870Z,"19 km NW of Dahab, Egypt",earthquake,,,,,reviewed,us,ryd
1995-03-13T01:17:51.630Z,28.756,34.831,10,2,md,,,,0.7,us,usp0006u47,2014-11-07T00:57:30.067Z,"36 km SSE of Nuwaybi‘a, Egypt",earthquake,,,,,reviewed,us,ryd
1995-03-11T22:56:04.250Z,29.117,34.895,10,2.1,md,,,,1.1,us,usp0006u2y,2014-11-07T00:57:29.885Z,"23 km ENE of Nuwaybi‘a, Egypt",earthquake,,,,,reviewed,us,ryd
1995-02-27T17:06:57.910Z,28.838,34.872,10,3.2,md,,,,0.5,us,usp0006tm9,2014-11-07T00:57:23.268Z,"30 km SE of Nuwaybi‘a, Egypt",earthquake,,,,,reviewed,us,ryd
1995-02-27T09:22:28.130Z,28.762,34.904,10,3.5,md,,,,0.7,us,usp0006tky,2014-11-07T00:57:23.211Z,"39 km SE of Nuwaybi‘a, Egypt",earthquake,,,,,reviewed,us,ryd
1995-02-25T07:43:47.130Z,28.71,34.528,10,2.3,md,,,,0.4,us,usp0006tgr,2014-11-07T00:57:22.737Z,"25 km N of Dahab, Egypt",earthquake,,,,,reviewed,us,ryd
1995-02-23T12:42:00.260Z,28.915,34.612,10,2.9,md,,,,0.4,us,usp0006tde,2014-11-07T00:57:22.012Z,"15 km SSW of Nuwaybi‘a, Egypt",earthquake,,,,,reviewed,us,ryd
1995-02-23T02:14:10.790Z,28.865,34.884,10,2.8,md,,,,0.4,us,usp0006tcq,2014-11-07T00:57:21.715Z,"29 km SE of Nuwaybi‘a, Egypt",earthquake,,,,,reviewed,us,ryd
1995-02-18T13:21:39.710Z,28.959,34.567,20,3.7,md,,,,0.6,us,usp0006t58,2014-11-07T00:57:20.769Z,"13 km SW of Nuwaybi‘a, Egypt",earthquake,,,,,reviewed,us,ryd
1995-02-17T04:33:29.540Z,29.749,35.003,10.2,3.5,md,,,,1,us,usp0006t3b,2014-11-07T00:57:20.596Z,"21 km NNE of Eilat, Israel",earthquake,,3.8,,,reviewed,us,ryd
1995-02-15T04:39:28.280Z,28.657,34.128,20,2.8,md,,,,0.5,us,usp0006sz9,2014-11-07T00:57:20.178Z,"20 km ENE of Saint Catherine, Egypt",earthquake,,,,,reviewed,us,ryd
1995-02-13T14:28:59.510Z,28.225,34.625,10,3.2,md,,,,0.3,us,usp0006svr,2014-11-07T00:57:19.680Z,"31 km SSE of Dahab, Egypt",earthquake,,,,,reviewed,us,ryd
1995-02-10T15:12:12.150Z,28.97,34.871,10,3.6,md,,,,0.5,us,usp0006sq6,2014-11-07T00:57:18.676Z,"21 km ESE of Nuwaybi‘a, Egypt",earthquake,,,,,reviewed,us,ryd
1995-02-08T11:52:12.100Z,28.772,34.619,10,2.7,md,,,,0.3,us,usp0006sjz,2014-11-07T00:57:18.111Z,"30 km S of Nuwaybi‘a, Egypt",earthquake,,,,,reviewed,us,ryd
1995-02-06T21:15:48.850Z,28.969,34.964,5,3.6,ml,,,,1.1,us,usp0006sgm,2014-11-07T00:57:17.831Z,"30 km ESE of Nuwaybi‘a, Egypt",earthquake,,,,,reviewed,us,jer
1995-01-30T19:37:25.350Z,28.785,34.711,10,2,md,,,,0.6,us,usp0006s48,2014-11-07T00:57:12.435Z,"29 km S of Nuwaybi‘a, Egypt",earthquake,,,,,reviewed,us,ryd
1995-01-27T18:00:58.390Z,28.945,34.937,10,2.3,md,,,,0.7,us,usp0006ryz,2014-11-07T00:57:11.288Z,"28 km ESE of Nuwaybi‘a, Egypt",earthquake,,,,,reviewed,us,ryd
1995-01-26T00:11:47.620Z,28.61,34.482,10,2.4,md,,,,0.1,us,usp0006rw8,2014-11-07T00:57:11.000Z,"14 km N of Dahab, Egypt",earthquake,,,,,reviewed,us,ryd
1995-01-13T21:20:37.420Z,28.904,35.061,10,2.7,md,,,,0.7,us,usp0006r9w,2014-11-07T00:57:07.956Z,"41 km ESE of Nuwaybi‘a, Egypt",earthquake,,,,,reviewed,us,ryd
1995-01-12T10:08:05.480Z,29.088,34.964,10,2.1,md,,,,0.4,us,usp0006r7t,2014-11-07T00:57:07.623Z,"29 km E of Nuwaybi‘a, Egypt",earthquake,,,,,reviewed,us,ryd
1995-01-12T07:46:47.220Z,29.096,34.912,10,2.1,md,,,,0.4,us,usp0006r7n,2014-11-07T00:57:07.613Z,"24 km ENE of Nuwaybi‘a, Egypt",earthquake,,,,,reviewed,us,ryd
1995-01-09T03:32:47.060Z,28.965,34.872,10,3.3,md,,,,0.4,us,usp0006r2d,2014-11-07T00:57:06.941Z,"22 km ESE of Nuwaybi‘a, Egypt",earthquake,,,,,reviewed,us,ryd
1995-01-08T13:36:52.210Z,28.975,34.892,10,2,md,,,,0.6,us,usp0006r1f,2014-11-07T00:57:06.870Z,"23 km ESE of Nuwaybi‘a, Egypt",earthquake,,,,,reviewed,us,ryd
1995-01-06T07:24:06.370Z,29,34.876,10,2.5,md,,,,0.3,us,usp0006qxa,2014-11-07T00:57:06.052Z,"Egypt",earthquake,,,,,reviewed,us,ryd
1995-01-03T15:11:48.290Z,28.984,34.836,10,2.3,md,,,,0.2,us,usp0006qtn,2014-11-07T00:57:05.006Z,"18 km ESE of Nuwaybi‘a, Egypt",earthquake,,,,,reviewed,us,ryd
1995-01-03T11:27:57.850Z,28.828,34.887,10,2.7,md,,,,0.6,us,usp0006qth,2014-11-07T00:57:04.980Z,"32 km SE of Nuwaybi‘a, Egypt",earthquake,,,,,reviewed,us,ryd
1995-01-03T09:18:31.910Z,28.825,34.649,10,2,md,,,,0.1,us,usp0006qt8,2014-11-07T00:57:04.938Z,"24 km S of Nuwaybi‘a, Egypt",earthquake,,,,,reviewed,us,ryd
1995-01-03T09:14:35.240Z,28.824,34.667,10,3.2,md,,,,0.5,us,usp0006qt7,2014-11-07T00:57:04.935Z,"24 km S of Nuwaybi‘a, Egypt",earthquake,,,,,reviewed,us,ryd
1994-12-26T05:26:51.250Z,28.513,34.633,10,1.9,md,,,,0.1,us,usp0006qeu,2014-11-07T00:56:59.830Z,"13 km ENE of Dahab, Egypt",earthquake,,,,,reviewed,us,ryd
1994-12-25T16:42:15.580Z,28.797,34.825,10,2.5,md,,,,0.7,us,usp0006qee,2014-11-07T00:56:59.778Z,"31 km SSE of Nuwaybi‘a, Egypt",earthquake,,,,,reviewed,us,ryd
1994-12-24T17:05:46.340Z,28.811,34.839,10,2.2,md,,,,0.3,us,usp0006qd6,2014-11-07T00:56:59.595Z,"31 km SSE of Nuwaybi‘a, Egypt",earthquake,,,,,reviewed,us,ryd
1994-12-24T14:24:39.310Z,28.838,34.848,10,2.5,md,,,,0.5,us,usp0006qd2,2014-11-07T00:56:59.559Z,"29 km SE of Nuwaybi‘a, Egypt",earthquake,,,,,reviewed,us,ryd
1994-12-24T13:27:00.730Z,28.804,34.855,10,1.9,md,,,,0.4,us,usp0006qd1,2014-11-07T00:56:59.557Z,"32 km SE of Nuwaybi‘a, Egypt",earthquake,,,,,reviewed,us,ryd
1994-12-24T12:28:45.200Z,28.809,34.841,10,2.4,md,,,,0.4,us,usp0006qcz,2014-11-07T00:56:59.552Z,"31 km SSE of Nuwaybi‘a, Egypt",earthquake,,,,,reviewed,us,ryd
1994-12-24T11:17:57.050Z,28.812,34.324,10,2.4,md,,,,1.1,us,usp0006qcw,2014-11-07T00:56:59.534Z,"40 km NNW of Dahab, Egypt",earthquake,,,,,reviewed,us,ryd
1994-12-24T08:07:23.430Z,28.8,34.864,10,2.3,md,,,,0.6,us,usp0006qcp,2014-11-07T00:56:59.385Z,"33 km SE of Nuwaybi‘a, Egypt",earthquake,,,,,reviewed,us,ryd
1994-12-19T10:09:57.620Z,28.722,34.837,10,3.1,md,,,,0.6,us,usp0006q7c,2014-11-07T00:56:58.753Z,"39 km SSE of Nuwaybi‘a, Egypt",earthquake,,,,,reviewed,us,ryd
1994-12-16T00:44:33.530Z,28.681,34.8,10,3.2,md,,,,0.7,us,usp0006q39,2014-11-07T00:56:58.202Z,"37 km NE of Dahab, Egypt",earthquake,,,,,reviewed,us,ryd
1994-12-15T09:10:20.460Z,28.72,34.702,10,3,md,,,,0.7,us,usp0006q2u,2014-11-07T00:56:58.100Z,"33 km NE of Dahab, Egypt",earthquake,,,,,reviewed,us,ryd
1994-12-06T21:00:08.590Z,28.88,34.821,10,2.4,md,,,,0.8,us,usp0006prb,2014-11-07T00:56:55.467Z,"24 km SE of Nuwaybi‘a, Egypt",earthquake,,,,,reviewed,us,ryd
1994-12-05T21:21:13.440Z,28.666,34.726,10,1.9,md,,,,0.7,us,usp0006pq8,2014-11-07T00:56:55.229Z,"30 km NE of Dahab, Egypt",earthquake,,,,,reviewed,us,ryd
1994-12-05T13:12:40.530Z,28.662,34.422,10,2.2,md,,,,0.7,us,usp0006pps,2014-11-07T00:56:55.060Z,"21 km NNW of Dahab, Egypt",earthquake,,,,,reviewed,us,ryd
1994-12-03T09:49:10.530Z,28.537,34.743,10,2.4,md,,,,0.6,us,usp0006pkv,2014-11-07T00:56:54.376Z,"25 km ENE of Dahab, Egypt",earthquake,,,,,reviewed,us,san
1994-12-03T08:49:50.520Z,28.677,34.732,10,2.6,md,,,,0.6,us,usp0006pks,2014-11-07T00:56:54.367Z,"31 km NE of Dahab, Egypt",earthquake,,,,,reviewed,us,ryd
1994-12-03T08:04:43.210Z,28.553,34.833,10,2.4,md,,,,0.4,us,usp0006pkq,2014-11-07T00:56:54.358Z,"34 km ENE of Dahab, Egypt",earthquake,,,,,reviewed,us,ryd
1994-12-01T19:44:06.550Z,28.799,34.754,10,2,md,,,,0.4,us,usp0006pj1,2014-11-07T00:56:53.704Z,"28 km SSE of Nuwaybi‘a, Egypt",earthquake,,,,,reviewed,us,ryd
1994-11-26T14:50:50.980Z,28.536,34.898,10,2.7,md,,,,0.5,us,usp0006p9d,2014-11-07T00:56:50.816Z,"39 km E of Dahab, Egypt",earthquake,,,,,reviewed,us,ryd
1994-11-14T18:23:24.370Z,28.714,34.739,10,3.8,md,,,,1.3,us,usp0006nn0,2014-11-07T00:56:47.316Z,"35 km NE of Dahab, Egypt",earthquake,,,,,reviewed,us,ryd
1994-11-10T09:54:28.890Z,28.391,34.466,10,3.1,md,,,,1.4,us,usp0006nc9,2014-11-07T00:56:46.465Z,"10 km SSW of Dahab, Egypt",earthquake,,,,,reviewed,us,ryd
1994-10-19T14:36:08.450Z,28.6,34.631,10,3,md,,,,0.1,us,usp0006mcd,2014-11-07T00:56:32.118Z,"18 km NE of Dahab, Egypt",earthquake,,,,,reviewed,us,ryd
1994-10-19T14:25:51.820Z,28.614,34.655,10,3.1,md,,,,0.1,us,usp0006mcc,2014-11-07T00:56:32.117Z,"21 km NE of Dahab, Egypt",earthquake,,,,,reviewed,us,ryd
1994-09-28T09:38:37.440Z,30.566,32.806,10,3.8,md,,,,0.3,us,usp0006k4t,2014-11-07T00:56:20.787Z,"51 km E of Ismailia, Egypt",earthquake,,,,,reviewed,us,hlw
1994-09-28T04:38:57.330Z,28.591,34.889,10,3,md,,,,0.4,us,usp0006k4d,2014-11-07T00:56:20.750Z,"40 km ENE of Dahab, Egypt",earthquake,,,,,reviewed,us,ryd
1994-09-27T12:00:33.020Z,28.778,34.706,10,3.4,md,,,,0.8,us,usp0006k2z,2014-11-07T00:56:20.568Z,"30 km S of Nuwaybi‘a, Egypt",earthquake,,,,,reviewed,us,ryd
1994-09-26T17:27:18.580Z,28.522,34.596,10,4.4,md,,,,0.2,us,usp0006k1n,2014-11-07T00:56:20.439Z,"10 km ENE of Dahab, Egypt",earthquake,,,,,reviewed,us,ryd
1994-09-26T13:54:07.420Z,28.783,34.716,10,3.4,md,,,,0.8,us,usp0006k1c,2014-11-07T00:56:20.422Z,"29 km S of Nuwaybi‘a, Egypt",earthquake,,,,,reviewed,us,ryd
1994-09-22T12:39:13.080Z,28.691,34.665,10,3.2,md,,,,0.9,us,usp0006jv4,2014-11-07T00:56:19.333Z,"28 km NE of Dahab, Egypt",earthquake,,,,,reviewed,us,ryd
1994-09-16T03:18:54.810Z,31.997,35.676,10,3.6,mb,,,,1,us,usp0006jhc,2014-11-07T00:56:17.588Z,"3 km NW of Yarq?, Jordan",earthquake,,,,1,reviewed,us,us
1994-09-11T14:20:18.680Z,28.743,34.717,10,3.3,md,,,,1,us,usp0006j89,2014-11-07T00:56:15.234Z,"34 km S of Nuwaybi‘a, Egypt",earthquake,,,,,reviewed,us,ryd
1994-09-01T04:07:32.520Z,29.317,34.864,10,3.2,ml,,,,0.8,us,usp0006hs5,2014-11-07T00:56:10.999Z,"15 km SW of Tala Bay, Jordan",earthquake,,,,,reviewed,us,jer
1994-08-19T01:36:04.120Z,28.637,34.828,5,4.1,ml,,,,1.7,us,usp0006h4y,2014-11-07T00:56:05.941Z,"36 km ENE of Dahab, Egypt",earthquake,,,,,reviewed,us,jer
1994-08-19T01:30:27.770Z,28.443,34.621,5,4.3,ml,,,,1,us,usp0006h4x,2014-11-07T00:56:05.938Z,"13 km ESE of Dahab, Egypt",earthquake,,,,,reviewed,us,jer
1994-07-05T10:01:00.120Z,28.693,34.607,10,4,mb,,,,1,us,usp0006f6z,2014-11-07T00:55:49.893Z,"25 km NNE of Dahab, Egypt",earthquake,,,,3,reviewed,us,us
1994-07-04T01:06:09.020Z,28.652,34.98,10,3.6,mb,,,,1.3,us,usp0006f53,2014-11-07T00:55:49.324Z,"51 km ENE of Dahab, Egypt",earthquake,,,,2,reviewed,us,us
1994-07-03T14:26:41.310Z,28.742,34.573,15.4,4.3,mb,,,,1.2,us,usp0006f4c,2014-11-07T00:55:49.120Z,"29 km NNE of Dahab, Egypt",earthquake,,5.2,,4,reviewed,us,us
1994-06-24T20:43:59.680Z,30.144,34.05,10,3.7,ml,,,,1.1,us,usp0006es9,2014-11-07T00:55:44.427Z,"88 km SW of Mitzpe Ramon, Israel",earthquake,,,,,reviewed,us,bhl
1994-04-28T08:06:53.970Z,28.68,35.159,10,3.9,md,,,,1.2,us,usp0006brv,2014-11-07T00:55:21.606Z,"63 km SE of Nuwaybi‘a, Egypt",earthquake,,,,,reviewed,us,hlw
1994-04-06T21:18:32.830Z,28.74,34.645,9.6,4.6,mb,,,,1,us,usp0006ard,2014-11-07T00:55:16.714Z,"32 km NNE of Dahab, Egypt",earthquake,,4.5,,19,reviewed,us,us
1994-02-17T23:13:33.660Z,28.875,34.61,10,4.1,mb,,,,0.7,us,usp00068nw,2014-11-07T00:54:59.941Z,"19 km SSW of Nuwaybi‘a, Egypt",earthquake,,,,1,reviewed,us,us
1994-02-09T15:04:03.560Z,28.412,35.233,10,3.7,md,,,,1.3,us,usp0006892,2014-11-07T00:54:57.721Z,"72 km E of Dahab, Egypt",earthquake,,,,,reviewed,us,hlw
1994-01-31T22:57:18.710Z,28.423,34.535,10,4,md,,,,0.3,us,usp00067tr,2014-11-07T00:54:51.856Z,"7 km SSE of Dahab, Egypt",earthquake,,,,,reviewed,us,ryd
1994-01-31T21:28:06.480Z,28.372,34.884,10,4,md,,,,1.5,us,usp00067tp,2014-11-07T00:54:51.852Z,"40 km ESE of Dahab, Egypt",earthquake,,,,,reviewed,us,hlw
1994-01-03T08:21:01.650Z,29.991,34.054,10,3.7,mb,,,,0.9,us,usp00065yt,2014-11-07T00:54:42.799Z,"98 km WNW of Eilat, Israel",earthquake,,,,2,reviewed,us,us
1994-01-02T07:49:23.690Z,28.745,33.305,31.1,3.5,mb,,,,1.4,us,usp00065xx,2014-11-07T00:54:42.335Z,"48 km NNE of Ras Gharib, Egypt",earthquake,,10.2,,1,reviewed,us,us
1994-01-01T03:10:30.280Z,28.647,34.609,10,3.9,mb,,,,1.3,us,usp00065wg,2014-11-07T00:54:41.376Z,"Egypt",earthquake,,,,3,reviewed,us,us
1993-12-31T10:26:17.300Z,29.145,34.751,10,4.1,mb,,,,1.4,us,usp00065ve,2014-11-07T00:54:39.364Z,"13 km NE of Nuwaybi‘a, Egypt",earthquake,,,,1,reviewed,us,us
1993-12-04T23:34:11.160Z,28.886,34.903,10,4.5,ms,,,,1.3,us,usp00064ny,2014-11-07T00:54:33.347Z,"29 km SE of Nuwaybi‘a, Egypt",earthquake,,,,3,reviewed,us,us
1993-11-25T02:54:13.910Z,28.712,34.676,10,3.1,md,,,,0.7,us,usp000646c,2014-11-07T00:54:27.115Z,"31 km NE of Dahab, Egypt",earthquake,,,,,reviewed,us,ryd
1993-11-24T19:31:46.240Z,28.776,34.703,10,3.8,md,,,,0.9,us,usp000645q,2014-11-07T00:54:27.062Z,"30 km S of Nuwaybi‘a, Egypt",earthquake,,,,,reviewed,us,ryd
1993-11-08T01:06:02.990Z,28.698,34.673,13.8,4.9,mb,,,,1,us,usp00063be,2014-11-07T00:54:22.724Z,"29 km NE of Dahab, Egypt",earthquake,,,,50,reviewed,us,us
1993-11-03T18:39:33.000Z,28.654,34.65,13,4.9,mb,,,,1,us,usp000634q,2014-11-07T00:54:20.956Z,"24 km NE of Dahab, Egypt",earthquake,,4.3,,49,reviewed,us,us
1993-10-21T00:35:04.330Z,28.898,34.698,10,4.4,mb,,,,0.9,us,usp00062bt,2014-11-07T00:54:13.984Z,"16 km SSE of Nuwaybi‘a, Egypt",earthquake,,,,9,reviewed,us,us
1993-10-18T20:51:15.570Z,28.896,34.57,9.3,4.8,mb,,,,1.2,us,usp000627u,2014-11-07T00:54:13.581Z,"19 km SSW of Nuwaybi‘a, Egypt",earthquake,,,,15,reviewed,us,us
1993-10-10T11:17:04.390Z,28.756,34.62,10,3.7,mb,,,,1.1,us,usp00061rm,2014-11-07T00:54:11.449Z,"32 km S of Nuwaybi‘a, Egypt",earthquake,,,,2,reviewed,us,us
1993-10-03T17:49:04.030Z,28.803,34.656,10,3.7,mb,,,,1.1,us,usp00061e8,2014-11-07T00:54:09.678Z,"27 km S of Nuwaybi‘a, Egypt",earthquake,,,,2,reviewed,us,us
1993-09-20T20:18:04.660Z,28.918,34.485,10,3.9,mb,,,,1.4,us,usp00060q0,2014-11-07T00:54:00.184Z,"22 km SW of Nuwaybi‘a, Egypt",earthquake,,,,2,reviewed,us,us
1993-09-12T23:15:54.540Z,28.594,34.578,23.2,3.4,mb,,,,1.4,us,usp000607x,2014-11-07T00:53:57.411Z,"14 km NNE of Dahab, Egypt",earthquake,,8.8,,1,reviewed,us,us
1993-09-10T19:48:55.530Z,29.936,34.15,10,3.6,mb,,,,0.7,us,usp0006034,2014-11-07T00:53:56.753Z,"87 km WNW of Eilat, Israel",earthquake,,,,1,reviewed,us,us
1993-08-20T23:10:00.480Z,28.764,34.687,10,4.5,mb,,,,1.4,us,usp0005yxj,2014-11-07T00:53:47.215Z,"31 km S of Nuwaybi‘a, Egypt",earthquake,,,,8,reviewed,us,us
1993-08-16T02:12:33.670Z,28.663,34.627,10,3.9,mb,,,,1.1,us,usp0005yms,2014-11-07T00:53:44.598Z,"23 km NNE of Dahab, Egypt",earthquake,,,,1,reviewed,us,us
1993-08-15T05:11:27.560Z,28.743,34.676,10.2,4.2,mb,,,,1.4,us,usp0005yjs,2014-11-07T00:53:44.304Z,"33 km S of Nuwaybi‘a, Egypt",earthquake,,6.5,,8,reviewed,us,us
1993-08-13T01:11:08.490Z,29.167,34.669,10,4.3,mb,,,,1.3,us,usp0005yf1,2014-11-07T00:53:42.895Z,"13 km N of Nuwaybi‘a, Egypt",earthquake,,,,12,reviewed,us,us
1993-08-13T00:31:43.120Z,28.561,34.716,9,4.7,mb,,,,1.6,us,usp0005yey,2014-11-07T00:53:42.879Z,"23 km ENE of Dahab, Egypt",earthquake,,,,33,reviewed,us,us
1993-08-09T06:05:03.240Z,28.737,34.704,10,4.6,mb,,,,1.2,us,usp0005y5n,2014-11-07T00:53:41.279Z,"34 km S of Nuwaybi‘a, Egypt",earthquake,,,,18,reviewed,us,us
1993-08-07T04:55:39.980Z,28.807,34.717,10,4.4,mb,,,,1,us,usp0005y1u,2014-11-07T00:53:40.255Z,"27 km S of Nuwaybi‘a, Egypt",earthquake,,,,19,reviewed,us,us
1993-08-03T20:53:51.900Z,28.672,34.567,10,4.7,mb,,,,1.3,us,usp0005xx3,2014-11-07T00:53:39.251Z,"22 km NNE of Dahab, Egypt",earthquake,,,,35,reviewed,us,us
1993-08-03T18:02:05.460Z,28.948,34.663,10,4.6,mb,,,,1.1,us,usp0005xwz,2014-11-07T00:53:39.223Z,"10 km S of Nuwaybi‘a, Egypt",earthquake,,,,15,reviewed,us,us
1993-08-03T17:50:20.630Z,28.668,34.786,10,4.6,mb,,,,1.3,us,usp0005xwy,2014-11-07T00:53:39.212Z,"35 km NE of Dahab, Egypt",earthquake,,,,18,reviewed,us,us
1993-08-03T16:33:20.780Z,28.777,34.668,10,5.7,mw,,,,1.1,us,usp0005xws,2020-09-15T16:32:28.516Z,"29 km S of Nuwaybi‘a, Egypt",earthquake,,,,,reviewed,us,hrv
1993-08-03T15:42:54.660Z,28.886,33.706,10,3.8,mb,,,,1.5,us,usp0005xwp,2014-11-07T00:53:39.075Z,"43 km NNW of Saint Catherine, Egypt",earthquake,,,,1,reviewed,us,us
1993-08-03T13:44:59.900Z,28.607,34.638,10,5.1,ms,,,,1.1,us,usp0005xwj,2014-11-07T00:53:39.028Z,"19 km NE of Dahab, Egypt",earthquake,,,,1,reviewed,us,us
1993-08-03T13:33:43.950Z,28.405,34.78,10,5,mb,,,,1.3,us,usp0005xwh,2014-11-07T00:53:39.007Z,"29 km ESE of Dahab, Egypt",earthquake,,,,31,reviewed,us,us
1993-08-03T13:29:42.460Z,29.679,34.141,10,4.6,mb,,,,1.3,us,usp0005xwf,2014-11-07T00:53:38.997Z,"79 km W of Eilat, Israel",earthquake,,,,12,reviewed,us,us
1993-08-03T13:12:18.300Z,28.504,34.676,10,5.3,ms,,,,1.1,us,usp0005xwe,2014-11-07T00:53:38.971Z,"17 km E of Dahab, Egypt",earthquake,,,,3,reviewed,us,us
1993-08-03T12:54:06.360Z,28.6,34.777,10,5.1,mb,,,,1.3,us,usp0005xwb,2014-11-07T00:53:38.903Z,"30 km ENE of Dahab, Egypt",earthquake,,,,46,reviewed,us,us
1993-08-03T12:43:05.360Z,28.729,34.553,10,6.1,mw,,,,1.3,us,usp0005xw9,2020-09-15T16:32:10.469Z,"27 km NNE of Dahab, Egypt",earthquake,,,,,reviewed,us,hrv
1993-08-03T12:31:20.190Z,28.549,34.608,10,4.5,mb,,,,1.4,us,usp0005xw8,2014-11-07T00:53:38.735Z,"13 km NE of Dahab, Egypt",earthquake,,,,5,reviewed,us,us
1993-08-02T23:16:44.840Z,31.236,35.278,10,4.1,md,,,,0.2,us,usp0005xv6,2014-11-07T00:53:38.281Z,"6 km ESE of Arad, Israel",earthquake,,,,,reviewed,us,hlw
1993-07-31T17:53:01.430Z,29.394,34.475,10,4.4,mb,,,,1.3,us,usp0005xr9,2014-11-07T00:53:34.927Z,"42 km NNW of Nuwaybi‘a, Egypt",earthquake,,,,8,reviewed,us,us
1993-07-30T23:34:10.810Z,28.864,34.821,18,4.7,mb,,,,1.2,us,usp0005xq4,2014-11-07T00:53:34.796Z,"25 km SE of Nuwaybi‘a, Egypt",earthquake,,,,31,reviewed,us,us
1993-07-26T00:07:49.770Z,28.274,34.485,10,3.7,md,,,,0.6,us,usp0005xd5,2014-11-07T00:53:33.926Z,"23 km S of Dahab, Egypt",earthquake,,,,,reviewed,us,ryd
1993-05-24T21:47:21.740Z,29.128,32.436,10,3.4,md,,,,0.5,us,usp0005te2,2014-11-07T00:53:03.891Z,"53 km SSE of Ain Sukhna, Egypt",earthquake,,,,,reviewed,us,hlw
1993-03-29T03:37:58.070Z,28.384,33.307,10.8,3.8,mb,,,,1.3,us,usp0005qaj,2014-11-07T00:52:40.038Z,"22 km E of Ras Gharib, Egypt",earthquake,,9.3,,1,reviewed,us,us
1992-12-09T20:26:11.670Z,28.392,32.9,10,3.5,md,,,,1.5,us,usp0005j1g,2014-11-07T00:52:01.600Z,"17 km WNW of Ras Gharib, Egypt",earthquake,,,,,reviewed,us,hlw
1992-11-12T04:12:50.090Z,29.491,34.858,10,4,md,,,,0.9,us,usp0005gre,2014-11-07T00:51:51.467Z,"11 km SW of Eilat, Israel",earthquake,,,,,reviewed,us,ryd
1992-10-27T11:02:48.230Z,28.835,33.166,22.9,4,mb,,,,0.6,us,usp0005fyc,2014-11-07T00:51:43.440Z,"53 km N of Ras Gharib, Egypt",earthquake,,4.2,,1,reviewed,us,us
1992-10-27T09:44:48.120Z,28.82,33.136,29.4,3.5,mb,,,,0.8,us,usp0005fya,2014-11-07T00:51:43.436Z,"51 km N of Ras Gharib, Egypt",earthquake,,5.7,,1,reviewed,us,us
1992-10-20T05:25:15.490Z,28.552,32.863,10,3.8,md,,,,1.3,us,usp0005fmj,2014-11-07T00:51:41.855Z,"30 km NW of Ras Gharib, Egypt",earthquake,,,,,reviewed,us,hlw
1992-10-20T01:57:58.420Z,28.443,33.158,10,3.9,mb,,,,1.1,us,usp0005fm8,2014-11-07T00:51:41.781Z,"12 km NE of Ras Gharib, Egypt",earthquake,,,,2,reviewed,us,us
1992-10-07T21:41:14.280Z,30.55,35.209,10,4,md,,,,0.7,us,usp0005f2g,2014-11-07T00:51:38.525Z,"34 km W of Ash Shawbak, Jordan",earthquake,,,,,reviewed,us,ryd
1992-09-26T01:09:57.230Z,28.286,33.8,10,3.6,mb,,,,0.5,us,usp0005eh4,2014-11-07T00:51:30.802Z,"18 km ENE of El-Tor, Egypt",earthquake,,,,1,reviewed,us,us
1992-09-07T02:57:51.650Z,31.298,35.551,10,3.7,md,,,,0.7,us,usp0005dpd,2014-11-07T00:51:25.387Z,"18 km W of Ar Rabbah, Jordan",earthquake,,,,,reviewed,us,ryd
1992-05-22T23:10:43.790Z,30.165,32.036,10,4.5,mb,,,,1.2,us,usp00057xr,2014-11-07T00:50:40.745Z,"48 km SSE of At Tall al Kab?r, Egypt",earthquake,,,,22,reviewed,us,us
1992-01-11T03:46:31.040Z,31.238,35.375,10,3.7,md,,,,0.7,us,usp00051ns,2014-11-07T00:49:54.269Z,"4 km NNE of ‘En Boqeq, Israel",earthquake,,,,,reviewed,us,hlw
1991-12-05T00:52:41.790Z,28.498,32.888,13,3.4,mb,,,,0.7,us,usp000501v,2014-11-07T00:49:41.986Z,"24 km NW of Ras Gharib, Egypt",earthquake,,4.4,,1,reviewed,us,us
1991-11-26T10:41:46.400Z,28.885,33.247,10,4,md,,,,0.2,us,usp0004zp8,2014-11-07T00:49:37.177Z,"60 km NNE of Ras Gharib, Egypt",earthquake,,,,,reviewed,us,hlw
1991-10-05T18:48:25.990Z,29.536,32.591,31.3,4.2,md,,,,0.8,us,usp0004xem,2014-11-07T00:49:22.035Z,"27 km ESE of Ain Sukhna, Egypt",earthquake,,7,,,reviewed,us,hlw
1991-09-28T00:43:07.040Z,31.048,35.464,10,3.9,md,,,,1.3,us,usp0004x4y,2014-11-07T00:49:17.898Z,"Dead Sea region",earthquake,,,,,reviewed,us,ryd
1990-09-13T12:10:00.510Z,31.996,34.184,10,3.9,ml,,,,0.9,us,usp0004ent,2014-11-07T00:47:06.804Z,"49 km WNW of Ashdod, Israel",earthquake,,,,,reviewed,us,css
1990-08-11T21:04:37.780Z,29.324,32.566,10,3.8,md,,,,0.2,us,usp0004d8z,2014-11-07T00:46:55.915Z,"39 km SE of Ain Sukhna, Egypt",earthquake,,,,,reviewed,us,hlw
1990-07-02T12:11:50.100Z,28.858,35.351,5,3.8,md,,,,1.2,us,usp0004b97,2014-11-07T00:46:37.249Z,"70 km ESE of Nuwaybi‘a, Egypt",earthquake,,,,,reviewed,us,hlw
1990-03-25T12:02:17.730Z,28.846,33.16,10,3.8,md,,,,0.6,us,usp000471w,2014-11-07T00:45:58.690Z,"54 km N of Ras Gharib, Egypt",earthquake,,,,,reviewed,us,hlw
1990-03-15T11:24:30.100Z,28.005,34.575,5,4,md,,,,0.5,us,usp00046mt,2014-11-07T00:45:56.980Z,"26 km ENE of Sharm el-Sheikh, Egypt",earthquake,,,,,reviewed,us,hlw
1989-12-18T21:48:10.310Z,28.424,33.333,10,4.4,mb,,,,1.3,us,usp000438y,2014-11-07T00:45:22.412Z,"26 km ENE of Ras Gharib, Egypt",earthquake,,,,3,reviewed,us,us
1989-10-04T21:25:13.960Z,28.076,33.732,10,3.7,md,,,,1.5,us,usp00040b1,2014-11-07T00:44:58.763Z,"21 km SSE of El-Tor, Egypt",earthquake,,,,,reviewed,us,hlw
1989-07-27T12:17:25.450Z,30.222,32.567,10,3.3,ml,,,,1.1,us,usp0003xrk,2014-11-07T00:44:35.106Z,"27 km N of Suez, Egypt",earthquake,,,,,reviewed,us,jer
1988-11-29T17:06:59.570Z,28.469,33.818,10,3.9,ml,,,,0.9,us,usp0003pbu,2014-11-07T00:43:10.589Z,"16 km SW of Saint Catherine, Egypt",earthquake,,,,,reviewed,us,jer
1987-10-23T16:32:31.380Z,30.942,35.778,10,4.3,ml,,,,1.4,us,usp00039hk,2014-11-07T00:41:06.348Z,"15 km SSE of Al Maz?r al Jan?b?, Jordan",earthquake,,,,,reviewed,us,bhl
1987-10-18T01:05:41.860Z,29.521,35.187,10,4.7,ml,,,,1.1,us,usp00039c0,2014-11-07T00:41:05.639Z,"Jordan-Saudi Arabia border region",earthquake,,,,,reviewed,us,jer
1987-04-27T20:41:46.320Z,31.278,35.482,10,4.2,ml,,,,0.3,us,usp00034hs,2014-11-07T00:40:17.679Z,"14 km NE of ‘En Boqeq, Israel",earthquake,,,,,reviewed,us,jer
1987-01-02T10:14:46.400Z,30.48,32.221,24.1,5,mb,,,,0.9,us,usp00031bu,2020-08-28T20:52:27.630Z,"14 km SSW of Ismailia, Egypt",earthquake,,4.9,,3,reviewed,us,us
1985-12-31T19:42:40.640Z,29.075,34.855,10,4.9,mb,,,,1.2,us,usp0002pn5,2014-11-07T00:37:41.697Z,"18 km E of Nuwaybi‘a, Egypt",earthquake,,,,14,reviewed,us,us
1985-01-25T06:08:03.820Z,31.899,35.503,31.3,4.6,mb,,,,1.2,us,usp0002bbr,2020-08-26T23:56:09.302Z,"6 km NE of Jericho, Palestinian Territory",earthquake,,5.4,,11,reviewed,us,us
1984-03-29T21:36:06.220Z,30.183,32.1,10,4.7,mb,,,,1.1,us,usp000233c,2014-11-07T00:34:40.428Z,"47 km WNW of Suez, Egypt",earthquake,,,,17,reviewed,us,us
1983-06-12T12:00:06.340Z,28.509,33.171,10,5,mb,,,,0.9,us,usp0001w1p,2014-11-07T00:33:19.134Z,"19 km NNE of Ras Gharib, Egypt",earthquake,,,,36,reviewed,us,us
1983-02-03T23:30:24.920Z,29.272,34.766,10,4.8,mb,,,,1,us,usp0001stz,2014-11-07T00:32:37.482Z,"25 km SW of Tala Bay, Jordan",earthquake,,,,26,reviewed,us,us
1983-02-03T19:11:34.750Z,29.185,34.668,10,4.5,mb,,,,1,us,usp0001stx,2014-11-07T00:32:37.416Z,"15 km N of Nuwaybi‘a, Egypt",earthquake,,,,6,reviewed,us,us
1983-02-03T17:32:24.090Z,29.188,34.863,10,4.5,mb,,,,1.1,us,usp0001stv,2014-11-07T00:32:37.384Z,"24 km NE of Nuwaybi‘a, Egypt",earthquake,,,,1,reviewed,us,us
1983-02-03T13:46:02.310Z,29.165,34.832,10,4.9,mb,,,,1,us,usp0001stu,2014-11-07T00:32:37.358Z,"20 km NE of Nuwaybi‘a, Egypt",earthquake,,,,19,reviewed,us,us
1979-04-23T13:01:58.600Z,31.244,35.461,33,5.1,mb,,,,,us,usp000108a,2020-07-07T23:23:41.016Z,"10 km ENE of ‘En Boqeq, Israel",earthquake,,,,,reviewed,us,us
